<?xml version="1.0" encoding="UTF-8"?>
<project-private xmlns="http://www.netbeans.org/ns/project-private/1">
    <editor-bookmarks xmlns="http://www.netbeans.org/ns/editor-bookmarks/2" lastBookmarkId="0"/>
    <open-files xmlns="http://www.netbeans.org/ns/projectui-open-files/2">
        <group>
            <file>file:/D:/payrollgenie1/src/payrollgenie1/AttendanceLogger.java</file>
            <file>file:/D:/payrollgenie1/src/payrollgenie1/Employee.java</file>
            <file>file:/D:/payrollgenie1/src/payrollgenie1/addEmployee.java</file>
            <file>file:/D:/payrollgenie1/src/payrollgenie1/login.java</file>
            <file>file:/D:/payrollgenie1/src/payrollgenie1/EmployeeInformation.java</file>
            <file>file:/D:/payrollgenie1/src/payrollgenie1/Audit.java</file>
            <file>file:/D:/payrollgenie1/src/payrollgenie1/EmployeeManager.java</file>
            <file>file:/D:/payrollgenie1/src/payrollgenie1/employeePortal.java</file>
            <file>file:/D:/payrollgenie1/src/payrollgenie1/editEmployee.java</file>
            <file>file:/D:/payrollgenie1/src/payrollgenie1/Config.java</file>
        </group>
    </open-files>
</project-private>
